0 - name,1 - correction stops,2 - correction ev,3 - bulb time,4 - aperture,5 - iso,6 - evShift,7 - lightReading,8 - lockedSlope,9 - slope,10 - seconds,11 - interval,12 - nightTarget,13 - rampStops,14 - correctedTarget
./IMG_7887.xmp,-1.45690719557835,0,19,0,46,0,49.957,0,0.054,63,70,3,0,0
./IMG_7888.xmp,-1.4535754294638,0.00999529834364998,19,0,46,0,49.961,0,0.054,70,70,3,0,0.00999529834364998
./IMG_7889.xmp,-1.43680160860902,0.0603167609079895,19,0,46,0,49.966,0,0.118,77,70,3,0,0.0603167609079895
./IMG_7890.xmp,-1.44305922293048,0.0415439179436099,19,0,46,0,49.966,0,0.198,85,70,3,0,0.0415439179436099
./IMG_7891.xmp,-1.46372966922641,-0.02046742094418,19,0,46,0,49.972,0,0.33,92,70,3,0,-0.02046742094418
./IMG_7892.xmp,-1.44094553717134,0.0478849752210297,19,0,46,0,49.979,0,0.33,99,70,3,0,0.0478849752210297
./IMG_7893.xmp,-1.41621096747488,0.12208868431041,19,0,46,0,49.993,0,0.465,106,70,3,0,0.12208868431041
./IMG_7894.xmp,-1.41376108356171,0.12943833604992,19,0,46,0,49.993,0,0.534,113,70,3,0,0.12943833604992
./IMG_7895.xmp,-1.46341426817446,-0.0195212177883302,19,0,46,0,50.012,0,0.534,120,70,3,0,-0.0195212177883302
./IMG_7896.xmp,-1.35460702505643,0.30690051156576,19,0,46,0,50.038,0,0.709,127,70,3,0,0.30690051156576
./IMG_7897.xmp,-1.33976612924476,0.35142319900077,19,0,46,0,50.038,0,0.793,134,70,3,0,0.35142319900077
./IMG_7898.xmp,-1.33904266126575,0.3535936029378,19,0,46,0,50.069,0,-1.212,141,70,3,0,0.3535936029378
./IMG_7899.xmp,-1.30619862238495,0.4521257195802,19,0,46,0,50.102,0,-1.212,148,70,3,0,0.4521257195802
./IMG_7900.xmp,-1.31244359199134,0.43339081076103,19,0,46,0,50.102,0,-1.187,155,70,3,0,0.43339081076103
./IMG_7901.xmp,-1.33096749391936,0.377819104976969,19,0,46,0,50.132,0,-1.296,162,70,3,0,0.377819104976969
./IMG_7902.xmp,-1.3022710656781,0.46390838970075,19,0,46,0,50.163,0,-1.296,169,70,3,0,0.46390838970075
./IMG_7903.xmp,-1.33481207183279,0.36628537123668,19,0,46,0,50.196,0,-1.732,176,70,3,0,0.36628537123668
./IMG_7904.xmp,-1.35338052057428,0.31058002501221,19,0,46,0,50.196,0,-1.927,183,70,3,0,0.31058002501221
./IMG_7905.xmp,-1.38413257074685,0.2183238744945,19,0,46,0,50.23,0,-1.927,190,70,3,0,0.2183238744945
./IMG_7906.xmp,-1.42209225656587,0.10444481703744,19,0,46,0,50.263,0,-1.902,198,70,3,0,0.10444481703744
./IMG_7907.xmp,-1.52502589894953,-0.20435611011354,19,0,46,0,50.263,0,-1.822,205,70,3,0,-0.20435611011354
./IMG_7908.xmp,-1.51424368493237,-0.17200946806206,19,0,46,0,50.294,0,-1.822,212,70,3,0,-0.17200946806206
./IMG_7909.xmp,-1.58022435926972,-0.36995149107411,19,0,46,0,50.318,0,-1.822,219,70,3,0,-0.36995149107411
./IMG_7910.xmp,-1.62875245747043,-0.51553578567624,19,0,46,0,50.318,0,-1.599,226,70,3,0,-0.51553578567624
./IMG_7911.xmp,-1.73292320120887,-0.82804801689156,19,0,46,0,50.333,0,-1.446,233,70,3,0,-0.82804801689156
./IMG_7912.xmp,-1.69676018517523,-0.719558968790641,19,0,46,0,50.341,0,-1.446,240,70,3,0,-0.719558968790641
./IMG_7913.xmp,-1.76994862294992,-0.93912428211471,19,0,46,0,50.342,0,-1.275,247,70,3,0,-0.93912428211471
./IMG_7914.xmp,-1.75076498276872,-0.88157336157111,19,0,46,0,50.342,0,-1.158,254,70,3,0,-0.88157336157111
./IMG_7915.xmp,-1.7560147507798,-0.89732266560435,19,0,46,0,50.34,0,0.556,261,70,3,0,-0.89732266560435
./IMG_7916.xmp,-1.76479499443739,-0.92366339657712,19,0,46,0,50.334,0,0.556,268,70,3,0,-0.92366339657712
./IMG_7917.xmp,-1.7835323901687,-0.97987558377105,19,0,46,0,50.334,0,0.001,275,70,3,0,-0.97987558377105
./IMG_7918.xmp,-1.77575673448591,-0.95654861672268,19,0,46,0,50.325,0,0.667,282,70,3,0,-0.95654861672268
./IMG_7919.xmp,-1.79492451228206,-1.01405195011113,19,0,46,0,50.312,0,0.667,289,70,3,0,-1.01405195011113
./IMG_7920.xmp,-1.78520027941084,-0.98487925149747,19,0,46,0,50.312,0,1.066,296,70,3,0,-0.98487925149747
./IMG_7921.xmp,-1.70623146663806,-0.74797281317913,19,0,46,0,50.297,0,1.268,303,70,3,0,-0.74797281317913
./IMG_7922.xmp,-1.65018841587741,-0.57984366089718,19,0,46,0,50.282,0,1.268,311,70,3,0,-0.57984366089718
./IMG_7923.xmp,-1.65691881822187,-0.60003486793056,19,0,46,0,50.267,0,1.509,318,70,3,0,-0.60003486793056
./IMG_7924.xmp,-1.58261365126236,-0.377119367052031,19,0,46,0,50.267,0,1.471,325,70,3,0,-0.377119367052031
./IMG_7925.xmp,-1.53720543970943,-0.24089473239324,19,0,46,0,50.253,0,0.795,332,70,3,0,-0.24089473239324
./IMG_7926.xmp,-1.47681624824534,-0.0597271580009702,19,0,46,0,50.241,0,0.795,339,70,3,0,-0.0597271580009702
./IMG_7927.xmp,-1.48669749416419,-0.0893708957575201,19,0,46,0,50.234,0,0.312,346,70,3,0,-0.0893708957575201
./IMG_7928.xmp,-1.41181314157759,0.135282162002279,19,0,46,0,50.234,0,0.657,353,70,3,0,0.135282162002279
./IMG_7929.xmp,-1.36698410492595,0.2697692719572,19,0,46,0,50.231,0,0.657,360,70,3,0,0.2697692719572
./IMG_7930.xmp,-1.3632763266827,0.28089260668695,19,0,46,0,50.231,0,-1.582,367,70,3,0,0.28089260668695
./IMG_7931.xmp,-1.41619190891174,0.12214585999983,19,0,46,0,50.232,0,-2.454,374,70,3,0,0.12214585999983
./IMG_7932.xmp,-1.31208237701687,0.43447445568444,19,0,46,0,50.239,0,-3.208,381,70,3,0,0.43447445568444
./IMG_7933.xmp,-1.29295778825948,0.49184822195661,19,0,46,0,50.25,0,-3.208,388,70,3,0,0.49184822195661
./IMG_7934.xmp,-1.28436755261551,0.51761892888852,19,0,46,0,50.25,0,-3.911,395,70,3,0,0.51761892888852
./IMG_7935.xmp,-1.24820341356689,0.62611134603438,19,0,46,0,50.264,0,-3.925,402,70,3,0,0.62611134603438
./IMG_7936.xmp,-1.21940622046625,0.7125029253363,19,0,46,0,50.279,0,-3.925,409,70,3,0,0.7125029253363
./IMG_7937.xmp,-1.18326055447765,0.8209399233021,19,0,46,0,50.291,0,-2.691,416,70,3,0,0.8209399233021
./IMG_7938.xmp,-1.15736572792852,0.898624402949489,19,0,46,0,50.291,0,0.989,423,70,3,0,0.898624402949489
./IMG_7939.xmp,-1.08547633398957,1.11429258476634,19,0,46,0,50.293,0,0.989,430,70,3,0,1.11429258476634
./IMG_7940.xmp,-1.03671746843259,1.26056918143728,19,0,46,0,50.285,0,0.791,438,70,3,0,1.26056918143728
./IMG_7941.xmp,-1.08275347399636,1.12246116474597,19,0,46,0,50.285,0,2.568,445,70,3,0,1.12246116474597
./IMG_7942.xmp,-0.977287309098847,1.43885965943851,19,0,46,0,50.267,0,3.555,452,70,3,0,1.43885965943851
./IMG_7943.xmp,-0.946313123870467,1.53178221512365,19,0,46,0,50.24,0,3.555,459,70,3,0,1.53178221512365
./IMG_7944.xmp,-0.944685761192694,1.53666430315697,19,0,46,0,50.24,0,3.321,466,70,3,0,1.53666430315697
./IMG_7945.xmp,-0.899116721660483,1.6733714217536,19,0,46,0,50.211,0,3.629,473,70,3,0,1.6733714217536
./IMG_7946.xmp,-0.869055635199254,1.76355468113729,19,0,46,0,50.183,0,3.629,480,70,3,0,1.76355468113729
./IMG_7947.xmp,-0.847867616229646,1.82711873804611,19,0,46,0,50.154,0,4.3,487,70,3,0,1.82711873804611
./IMG_7948.xmp,-0.834499724270748,1.86722241392281,19,0,46,0,50.154,0,4.827,494,70,3,0,1.86722241392281
./IMG_7949.xmp,-0.779161582838883,2.0332368382184,19,0,46,0,50.122,0,4.917,501,70,3,0,2.0332368382184
./IMG_7950.xmp,-0.770899478801498,2.05802315033056,19,0,46,0,50.088,0,4.917,508,70,3,0,2.05802315033056
./IMG_7951.xmp,-0.710145473116211,2.24028516738642,19,0,46,0,50.052,0,4.807,515,70,3,0,2.24028516738642
./IMG_7952.xmp,-0.800970282045742,1.96781074059782,19,0,46,0,50.052,0,4.371,522,70,3,0,1.96781074059782
./IMG_7953.xmp,-0.71008690737896,2.24046086459817,19,0,46,0,50.017,0,4.371,529,70,3,0,2.24046086459817
./IMG_7954.xmp,-0.708014249626724,2.24667883785488,19,0,46,0,50.017,0,4.169,536,70,3,0,2.24667883785488
./IMG_7955.xmp,-0.664126879913917,2.3783409469933,19,0,46,0,49.986,0,4.169,543,70,3,0,2.3783409469933
./IMG_7956.xmp,-0.623631780529285,2.49982624514719,19,0,46,0,49.96,0,4.169,550,70,3,0,2.49982624514719
./IMG_7957.xmp,-0.620254547010088,2.50995794570479,19,0,46,0,49.939,0,4.012,558,70,3,0,2.50995794570479
./IMG_7958.xmp,-0.578559700725789,2.63504248455768,19,0,46,0,49.939,0,4.012,565,70,3,0,2.63504248455768
./IMG_7959.xmp,-0.594729859475096,2.58653200830976,19,0,46,0,49.921,0,4.155,572,70,3,0,2.58653200830976
./IMG_7960.xmp,-0.546354684939812,2.73165753191561,19,0,46,0,49.903,0,4.155,579,70,3,0,2.73165753191561
./IMG_7961.xmp,-0.537658297213381,2.75774669509491,19,0,46,0,49.883,0,4.155,586,70,3,0,2.75774669509491
./IMG_7962.xmp,-0.496900434224386,2.88002028406189,19,0,46,0,49.883,0,4.021,593,70,3,0,2.88002028406189
./IMG_7963.xmp,-0.464941373405031,2.97589746651996,19,0,46,0,49.864,0,4.021,600,70,3,0,2.97589746651996
./IMG_7964.xmp,-0.457442298479587,2.99839469129629,19,0,46,0,49.864,0,4.22,607,70,3,0,2.99839469129629
./IMG_7965.xmp,-0.449382973433058,3.02257266643588,19,0,46,0,49.846,0,4.624,614,70,3,0,3.02257266643588
./IMG_7966.xmp,-0.417492222654567,3.11824491877135,19,0,46,0,49.827,0,5.497,621,70,3,0.005,3.12324491877135
./IMG_7967.xmp,-0.432740375834659,3.07250045923107,19,0,46,0,49.806,0,5.497,628,70,3,0.011,3.08350045923107
./IMG_7968.xmp,-0.389070628039507,3.20350970261653,19,0,46,0,49.806,0,7.017,635,70,3,0.017,3.22050970261653
./IMG_7969.xmp,-0.380384653837551,3.2295676252224,19,0,46,0,49.781,0,7.781,642,70,3,0.023,3.2525676252224
./IMG_7970.xmp,-0.3719411312323,3.25489819303815,19,0,46,0,49.752,0,7.781,649,70,3,0.029,3.28389819303815
./IMG_7971.xmp,-0.346541922280989,3.33109581989208,20,0,46,0,49.718,0,8.03,657,70,3,0.035,3.36609581989208
./IMG_7972.xmp,-0.410056591056258,3.14055181356628,20,0,46,0,49.718,0,8.101,664,70,3,0.04,3.18055181356628
./IMG_7973.xmp,-0.400091063128041,3.17044839735093,20,0,46,0,49.677,0,8.387,671,70,3,0.046,3.21644839735093
./IMG_7974.xmp,-0.388844545001721,3.20418795172989,20,0,46,0,49.631,0,8.387,678,70,3,0.052,3.25618795172989
./IMG_7975.xmp,-0.408939631000453,3.14390269373369,20,0,46,0,49.631,0,8.571,685,70,3,0.058,3.20190269373369
./IMG_7976.xmp,-0.390474663991454,3.19929759476069,20,0,46,0,49.58,0,8.814,692,70,3,0.07,3.26929759476069
./IMG_7977.xmp,-0.344975303380528,3.33579567659347,20,0,46,0,49.522,0,8.814,700,70,3,0.081,3.41679567659347
./IMG_7978.xmp,-0.335927163300573,3.36294009683333,20,0,46,0,49.456,0,9.186,707,70,3,0.093,3.45594009683333
./IMG_7979.xmp,-0.326196188400096,3.39213302153476,20,0,46,0,49.456,0,9.272,714,71,3,0.105,3.49713302153476
./IMG_7980.xmp,-0.300939022354837,3.46790451967054,20,0,46,0,49.386,0,9.446,721,71,3,0.116,3.58390451967054
./IMG_7981.xmp,-0.294053359353373,3.48856150867493,20,0,46,0,49.311,0,9.446,728,71,3,0.128,3.61656150867493
./IMG_7982.xmp,-0.277289045175245,3.53885445120931,20,0,46,0,49.311,0,9.338,735,71,3,0.14,3.67885445120931
./IMG_7983.xmp,-0.298366027900726,3.47562350303287,20,0,46,0,49.235,0,9.015,742,71,3,0.152,3.62762350303287
./IMG_7984.xmp,-0.279619677092387,3.53186255545789,20,0,46,0,49.162,0,9.015,749,71,3,0.164,3.69586255545789
./IMG_7985.xmp,-0.266760084619991,3.57044133287508,20,0,46,0,49.09,0,8.781,757,71,3,0.176,3.74644133287508
./IMG_7986.xmp,-0.238788061021138,3.65435740367164,20,0,46,0,49.09,0,8.584,764,71,3,0.187,3.84135740367164
./IMG_7987.xmp,-0.258934110714359,3.59391925459197,20,0,46,0,49.021,0,8.584,771,72,3,0.199,3.79291925459197
./IMG_7988.xmp,-0.446697594605522,3.03062880291848,20,0,46,0,48.953,0,8.584,778,72,3,0.211,3.24162880291848
./IMG_7989.xmp,-0.227569071535663,3.68801437212806,20,0,46,0,48.953,0,8.584,785,72,3,0.223,3.91101437212806
./IMG_7990.xmp,-0.219825869099989,3.71124397943508,20,0,46,0,48.885,0,8.584,793,72,3,0.235,3.94624397943508
./IMG_7991.xmp,-0.238250753188581,3.65596932716931,21,0,46,0,48.817,0,8.584,800,72,3,0.247,3.90296932716931
./IMG_7992.xmp,-0.244865622239184,3.6361247200175,21,0,46,0,48.748,0,8.635,807,72,3,0.265,3.9011247200175
./IMG_7993.xmp,-0.303777590552371,3.45938881507794,21,0,46,0,48.748,0,8.635,815,72,3,0.283,3.74238881507794
./IMG_7994.xmp,-0.471645991861715,2.9557836111499,21,0,46,0,48.678,0,8.681,822,73,3,0.301,3.2567836111499
./IMG_7995.xmp,-0.348902186054753,3.32401502857079,21,0,46,0,48.607,0,8.681,829,73,3,0.319,3.64301502857079
./IMG_7996.xmp,-0.343843235999719,3.33919187873589,21,0,46,0,48.607,0,8.638,837,73,3,0.338,3.67719187873589
./IMG_7997.xmp,-0.323302551094273,3.40081393345223,21,0,46,0,48.537,0,8.315,845,73,3,0.356,3.75681393345223
./IMG_7998.xmp,-0.334658371899908,3.36674647103533,21,0,46,0,48.467,0,7.984,852,73,3,0.374,3.74074647103533
./IMG_7999.xmp,-0.322726428019096,3.40254230267776,21,0,46,0,48.4,0,7.984,859,74,3,0.392,3.79454230267776
./IMG_8000.xmp,-0.310986991989099,3.43776061076775,21,0,46,0,48.4,0,7.684,867,74,3,0.411,3.84876061076775
./IMG_8001.xmp,-0.331163685717901,3.37723052958135,21,0,46,0,48.335,0,7.629,874,74,3,0.429,3.80623052958135
./IMG_8002.xmp,-0.302462313530023,3.46333464614498,22,0,46,0,48.27,0,7.629,882,74,3,0.448,3.91133464614498
./IMG_8003.xmp,-0.332429475284933,3.37343316088025,22,0,46,0,48.206,0,7.629,889,74,3,0.466,3.83943316088025
./IMG_8004.xmp,-0.30954638358003,3.44208243599496,22,0,46,0,48.206,0,7.629,897,75,3,0.485,3.92708243599496
./IMG_8005.xmp,-0.285411179818218,3.5144880472804,22,0,46,0,48.142,0,7.492,904,75,3,0.504,4.0184880472804
./IMG_8006.xmp,-0.256239565284244,3.60200289088232,22,0,46,0,48.081,0,7.305,912,75,3,0.522,4.12400289088232
./IMG_8007.xmp,-0.200018737271046,3.77066537492191,22,0,46,0,48.021,0,7.305,919,75,3,0.541,4.31166537492191
./IMG_8008.xmp,-0.163975246472792,3.87879584731667,22,0,46,0,48.021,0,7.267,927,75,3,0.56,4.43879584731667
./IMG_8009.xmp,-0.131871739967291,3.97510636683318,22,0,46,0,47.962,0,7.065,935,75,3,0.579,4.55410636683318
./IMG_8010.xmp,-0.124288513726037,3.99785604555694,22,0,46,0,47.904,0,6.861,942,76,3,0.597,4.59485604555694
./IMG_8011.xmp,-0.0393173685974686,4.25276948094264,22,0,46,0,47.847,0,6.861,950,76,3,0.616,4.86876948094264
./IMG_8012.xmp,-0.0152468630409761,4.32498099761212,23,0,46,0,47.847,0,6.861,957,76,3,0.635,4.95998099761212
./IMG_8013.xmp,-0.0263559113887286,4.29165385256886,23,0,46,0,47.794,0,6.808,965,76,3,0.654,4.94565385256886
./IMG_8014.xmp,-0.0404033874319756,4.24951142443912,23,0,46,0,47.74,0,6.808,973,76,3,0.673,4.92251142443912
./IMG_8015.xmp,-0.00875441187366093,4.34445835111407,23,0,46,0,47.69,0,6.56,981,77,3,0.692,5.03645835111407
./IMG_8016.xmp,-0.0034560450126385,4.36035345169713,23,0,46,0,47.641,0,6.56,988,77,3,0.712,5.07235345169713
./IMG_8017.xmp,-0.0166829573527897,4.32067271467668,23,0,46,0,47.595,0,6.359,996,77,3,0.731,5.05167271467668
./IMG_8018.xmp,0.0205316261705187,4.43231646524661,23,0,46,0,47.595,0,6.081,1004,77,3,0.75,5.18231646524661
./IMG_8019.xmp,-0.0148276471543879,4.32623864527189,23,0,46,0,47.55,0,5.955,1012,77,3,0.769,5.09523864527189
./IMG_8020.xmp,-7.61E-04,4.36843782132487,23,0,46,0,47.505,0,5.955,1020,78,3,0.789,5.15743782132487
./IMG_8021.xmp,0.00123512951846756,4.37442697529045,23,0,46,0,47.461,0,6.027,1028,78,3,0.808,5.18242697529045
./IMG_8022.xmp,-0.00174628695667209,4.36548272586503,24,0,46,0,47.461,0,6.027,1035,78,3,0.828,5.19348272586503
./IMG_8023.xmp,0.00863888090249176,4.39663822944252,24,0,46,0,47.417,0,5.884,1044,78,3,0.847,5.24363822944252
./IMG_8024.xmp,-0.0192003833603218,4.31312043665408,24,0,46,0,47.373,0,5.976,1051,78,3,0.867,5.18012043665408
./IMG_8025.xmp,-0.0217076669706813,4.30559858582301,24,0,46,0,47.33,0,5.976,1059,79,3,0.893,5.19859858582301
./IMG_8026.xmp,-0.00951531664507268,4.34217563679983,24,0,46,0,47.33,0,6.023,1067,79,3,0.919,5.26117563679983
./IMG_8027.xmp,0.00649133449802211,4.39019559022912,24,0,46,0,47.285,0,6.226,1075,79,3,0.945,5.33519559022912
./IMG_8028.xmp,-0.0497760967267096,4.22139329655492,24,0,46,0,47.238,0,6.447,1083,80,3,0.972,5.19339329655492
./IMG_8029.xmp,-0.0678414892952073,4.16719711884943,25,0,46,0,47.188,0,6.681,1091,80,3,0.998,5.16519711884943
./IMG_8030.xmp,-0.0742782768665409,4.14788675613543,24,0,46,0,47.133,0,6.681,1099,80,3,1.025,5.17288675613543
./IMG_8031.xmp,-0.0348228863439017,4.26625292770334,24,0,46,0,47.075,0,6.995,1108,80,3,1.052,5.31825292770334
./IMG_8032.xmp,-0.0434326451078569,4.24042365141148,25,0,46,0,47.075,0,7.276,1115,81,3,1.078,5.31842365141148
./IMG_8033.xmp,-0.0697111255631123,4.16158821004571,25,0,46,0,47.014,0,7.64,1124,81,3,1.105,5.26658821004571
./IMG_8034.xmp,-0.029415307946473,4.28247566289563,25,0,46,0,46.951,0,8.03,1132,81,3,1.132,5.41447566289563
./IMG_8035.xmp,-0.00638644276760498,4.35156225843224,25,0,46,0,46.885,0,8.03,1140,81,3,1.159,5.51056225843224
./IMG_8036.xmp,-0.0367094535569974,4.26059322606406,25,0,46,0,46.817,0,8.436,1148,82,3,1.186,5.44659322606406
./IMG_8037.xmp,2.87E-04,4.37158136406313,25,0,46,0,46.817,0,9.069,1156,82,3,1.214,5.58558136406313
./IMG_8038.xmp,-0.0143530426167541,4.32766245888479,26,0,46,0,46.747,0,9.724,1165,82,3,1.248,5.57566245888479
./IMG_8039.xmp,-0.0138414589410818,4.3291972099118,26,0,46,0,46.674,0,10.222,1173,83,3,1.282,5.6111972099118
./IMG_8040.xmp,0.013087255658249,4.4099833537098,26,0,46,0,46.599,0,10.569,1181,83,3,1.317,5.7269833537098
./IMG_8041.xmp,0.028840464175701,4.45724297926215,26,0,46,0,46.52,0,10.569,1190,83,3,1.351,5.80824297926215
./IMG_8042.xmp,0.0371706523631161,4.4822335438244,26,0,46,0,46.442,0,10.364,1198,84,3,1.386,5.8682335438244
./IMG_8043.xmp,0.00421977845511332,4.38338092210039,27,0,46,0,46.366,0,9.91,1207,84,3,1.421,5.80438092210039
./IMG_8044.xmp,0.0133948831669986,4.41090623623605,27,0,46,0,46.366,0,9.593,1215,85,3,1.456,5.86690623623605
./IMG_8045.xmp,0.0204960985051887,4.43220988225062,27,0,46,0,46.294,0,9.312,1224,85,3,1.491,5.92320988225062
./IMG_8046.xmp,9.45E-04,4.3735554644024,27,0,46,0,46.224,0,8.86,1233,85,3,1.527,5.9005554644024
./IMG_8047.xmp,0.018529167882129,4.42630909038144,28,0,46,0,46.16,0,8.59,1241,86,3,1.562,5.98830909038144
./IMG_8048.xmp,0.0214903912376915,4.43519276044812,28,0,46,0,46.104,0,8.59,1250,86,3,1.598,6.03319276044812
./IMG_8049.xmp,8.67E-04,4.37332390120932,28,0,46,0,46.052,0,8.343,1258,86,3,1.634,6.00732390120932
./IMG_8050.xmp,0.0277472887662412,4.45396345303377,28,0,46,0,46.052,0,8.168,1267,87,3,1.669,6.12296345303377
./IMG_8051.xmp,0.0438673868457737,4.50232374727237,28,0,46,0,46.003,0,8.485,1276,87,3,1.706,6.20832374727237
./IMG_8052.xmp,0.0327949647131829,4.4691064808746,29,0,46,0,45.952,0,9.403,1284,87,3,1.742,6.2111064808746
./IMG_8053.xmp,0.0756367605302094,4.59763186832568,29,0,46,0,45.898,0,10.37,1293,88,3,1.778,6.37563186832568
./IMG_8054.xmp,0.0958784826330135,4.65835703463409,29,0,46,0,45.839,0,11.225,1302,88,3,1.822,6.48035703463409
./IMG_8055.xmp,0.0797784214362382,4.61005685104376,30,0,46,0,45.774,0,12.083,1311,89,3,1.866,6.47605685104376
./IMG_8056.xmp,0.0923433363225511,4.6477515957027,30,0,46,0,45.704,0,12.083,1320,89,3,1.911,6.5587515957027
./IMG_8057.xmp,0.0869529992051186,4.63158058435041,30,0,46,0,45.628,0,12.752,1329,90,3,1.955,6.58658058435041
./IMG_8058.xmp,0.0621402960228673,4.55714247480365,31,0,46,0,45.628,0,13.253,1338,90,3,2,6.55714247480365
./IMG_8059.xmp,0.0774126162476424,4.60295943547798,31,0,46,0,45.549,0,13.062,1347,91,3,2.045,6.64795943547798
./IMG_8060.xmp,0.0730759456109817,4.58994942356799,31,0,46,0,45.47,0,12.873,1356,91,3,2.091,6.68094942356799
./IMG_8061.xmp,0.0320862913443488,4.4669804607681,31,0,46,0,45.395,0,12.356,1366,92,3,2.136,6.6029804607681
./IMG_8062.xmp,0.0436512722559161,4.5016754035028,32,0,46,0,45.321,0,11.601,1375,92,3,2.182,6.6836754035028
./IMG_8063.xmp,0.0456522102178509,4.5076782173886,32,0,46,0,45.251,0,10.451,1384,92,3,2.228,6.7356782173886
./IMG_8064.xmp,0.0705108919347177,4.5822542625392,32,0,46,0,45.186,0,9.138,1394,93,3,2.267,6.8492542625392
./IMG_8065.xmp,0.0519271825064397,4.52650313425437,33,0,46,0,45.128,0,7.806,1403,93,3,2.305,6.83150313425437
./IMG_8066.xmp,0.0662377905748254,4.56943495845953,33,0,46,0,45.074,0,6.942,1412,94,3,2.344,6.91343495845953
./IMG_8067.xmp,-0.0196367252168963,4.31181141108436,33,0,46,0,45.027,0,6.885,1422,94,3,2.383,6.69481141108436
./IMG_8068.xmp,0.0532278895700935,4.53040525544533,34,0,46,0,44.98,0,6.512,1431,94,3,2.422,6.95240525544533
./IMG_8069.xmp,0.086284305000105,4.62957450173536,34,0,46,0,44.935,0,6.576,1441,95,3,2.462,7.09157450173536
./IMG_8070.xmp,0.0827012937896491,4.618825468104,34,0,46,0,44.89,0,6.576,1450,95,3,2.501,7.119825468104
./IMG_8071.xmp,0.10581292689071,4.68816036740718,35,0,46,0,44.844,0,6.576,1460,96,3,2.541,7.22916036740718
./IMG_8072.xmp,0.0855647061446961,4.62741570516914,35,0,46,0,44.798,0,6.712,1470,96,3,2.581,7.20841570516914
./IMG_8073.xmp,0.0929418018454788,4.64954699227149,35,0,46,0,44.751,0,6.772,1479,97,3,2.621,7.27054699227149
./IMG_8074.xmp,0.105267790585386,4.68652495849121,36,0,46,0,44.751,0,6.959,1489,97,3,2.661,7.34752495849121
./IMG_8075.xmp,0.114405707022467,4.71393870780245,36,0,46,0,44.655,0,6.999,1500,97,3,2.702,7.41593870780245
./IMG_8076.xmp,0.140504450525493,4.79223493831153,36,0,46,0,44.655,0,7.384,1509,98,3,2.742,7.53423493831153
./IMG_8077.xmp,0.164854114051818,4.8652839288905,37,0,46,0,44.559,0,7.79,1519,98,3,2.783,7.6482839288905
./IMG_8078.xmp,0.178762669292593,4.90700959461283,37,0,46,0,44.559,0,8.121,1529,99,3,2.824,7.73100959461283
./IMG_8079.xmp,0.23219413318454,5.06730398628867,37,0,46,0,44.51,0,8.337,1539,99,3,2.873,7.94030398628867
./IMG_8080.xmp,0.193970161871708,4.95263207235017,38,0,46,0,44.462,0,8.544,1549,100,3,2.923,7.87563207235017
./IMG_8081.xmp,0.288575391281056,5.23644776057822,38,0,46,0,44.359,0,8.68,1559,100,3,2.973,8.20944776057822
./IMG_8082.xmp,0.274029121232325,5.19280895043202,39,0,46,0,44.359,0,9.151,1569,101,3,3.023,8.21580895043202
./IMG_8083.xmp,0.276177211862685,5.1992532223231,39,0,46,0,44.234,0,9.65,1579,101,3,3.073,8.2722532223231
./IMG_8084.xmp,0.268744665805385,5.1769555841512,40,0,46,0,44.234,0,9.599,1590,102,3,3.124,8.3009555841512
./IMG_8085.xmp,0.277423362593238,5.20299167451476,40,0,46,0,44.1,0,8.74,1600,102,3,3.175,8.37799167451476
./IMG_8086.xmp,0.259413746066829,5.14896282493554,41,0,46,0,44.1,0,7.893,1610,103,3,3.226,8.37496282493554
./IMG_8087.xmp,0.247668783882375,5.11372793838217,41,0,46,0,43.977,0,7.263,1621,103,3,3.269,8.38272793838217
./IMG_8088.xmp,0.251227258154477,5.12440336119848,41,0,46,0,43.917,0,6.69,1631,104,3,3.312,8.43640336119848
./IMG_8089.xmp,0.234074825778028,5.07294606406913,42,0,46,0,43.861,0,5.943,1641,104,3,3.355,8.42794606406913
./IMG_8090.xmp,0.220402818703374,5.03193004284517,42,0,46,0,43.81,0,5.491,1652,105,3,3.398,8.42993004284517
./IMG_8091.xmp,0.216992963006702,5.02170047575516,43,0,46,0,43.765,0,5.491,1662,105,3,3.442,8.46370047575516
./IMG_8092.xmp,0.149501569637651,4.819226295648,43,0,46,0,43.724,0,5.535,1673,105,3,3.486,8.305226295648
./IMG_8093.xmp,0.196408068171164,4.95994579124854,43,0,46,0,43.682,0,5.716,1684,106,3,3.529,8.48894579124854
./IMG_8094.xmp,0.158500361730371,4.84622267192616,44,0,46,0,43.64,0,6.136,1694,106,3,3.574,8.42022267192616
./IMG_8095.xmp,0.102063275863627,4.67691141432593,44,0,46,0,43.594,0,6.864,1705,107,3,3.627,8.30391141432593
./IMG_8096.xmp,0.10568662790213,4.68778147044144,45,0,46,0,43.543,0,7.81,1716,107,3,3.68,8.36778147044144
./IMG_8097.xmp,0.102693904986726,4.67880330169523,46,0,46,0,43.486,0,8.635,1727,108,3,3.734,8.41280330169523
./IMG_8098.xmp,0.102172584157317,4.677239339207,46,0,46,0,43.42,0,8.833,1737,109,3,3.788,8.465239339207
./IMG_8099.xmp,0.13017413207702,4.76124398296611,47,0,46,0,43.349,0,9.302,1748,109,3,3.842,8.60324398296611
./IMG_8100.xmp,0.135597726543589,4.77751476636582,47,0,46,0,43.275,0,9.369,1760,110,3,3.897,8.67451476636582
./IMG_8101.xmp,0.145184872708735,4.80627620486125,48,0,46,0,43.116,0,9.369,1771,110,3,3.952,8.75827620486125
./IMG_8102.xmp,0.150380639551902,4.82186350539076,49,0,46,0,43.037,0,8.938,1781,111,3,4.007,8.82886350539076
./IMG_8103.xmp,0.15245713271321,4.82809298487468,50,0,46,0,42.959,0,8.46,1793,111,3,4.062,8.89009298487468
./IMG_8104.xmp,0.156459329701997,4.84009957584104,50,0,46,0,42.884,0,8.034,1804,112,3,4.118,8.95809957584104
./IMG_8105.xmp,0.13575667863276,4.77799162263333,51,0,46,0,42.81,0,7.358,1815,113,3,4.174,8.95199162263333
./IMG_8106.xmp,0.144720161817737,4.80488207218826,52,0,46,0,42.74,0,7.213,1827,113,3,4.23,9.03488207218826
./IMG_8107.xmp,0.157019831180708,4.84178108027717,52,0,46,0,42.672,0,7.248,1838,114,3,4.287,9.12878108027717
./IMG_8108.xmp,0.167033941097099,4.87182341002635,53,0,46,0,42.605,0,8.008,1849,114,3,4.344,9.21582341002635
./IMG_8109.xmp,0.190270461007936,4.94153296975886,54,0,46,0,42.464,0,8.501,1861,115,3,4.401,9.34253296975886
./IMG_8110.xmp,0.209605485992091,4.99953804471132,54,0,46,0,42.391,0,8.899,1873,115,3,4.458,9.45753804471132
./IMG_8111.xmp,0.247608560531997,5.11354726833104,55,0,46,0,42.314,0,8.947,1884,116,3,4.516,9.62954726833104
./IMG_8112.xmp,0.289449339774792,5.23906960605943,56,0,46,0,42.237,0,8.95,1896,117,3,4.583,9.82206960605943
./IMG_8113.xmp,0.315540542830528,5.31734321522663,57,0,46,0,42.161,0,9.167,1908,117,3,4.652,9.96934321522663
./IMG_8114.xmp,0.333678947932527,5.37175843053263,58,0,46,0,42.083,0,9.167,1919,118,3,4.72,10.0917584305326
./IMG_8115.xmp,0.340722202519875,5.39288819429467,59,0,46,0,41.928,0,8.345,1931,119,3,4.789,10.1818881942947
./IMG_8116.xmp,0.358470361386358,5.44613267089412,59,0,46,0,41.851,0,7.98,1943,120,3,4.848,10.2941326708941
./IMG_8117.xmp,0.362283656738527,5.45757255695063,60,0,46,0,41.778,0,7.875,1955,120,3,4.918,10.3755725569506
./IMG_8118.xmp,0.374823534152892,5.49519218919373,61,0,46,0,41.708,0,8.081,1967,121,3,4.988,10.4831921891937
./IMG_8119.xmp,0.379424300309379,5.50899448766319,63,0,46,0,41.637,0,8.428,1979,122,3,5.059,10.5679944876632
./IMG_8120.xmp,0.374803637532068,5.49513249933125,64,0,46,0,41.562,0,9.542,1992,122,3,5.13,10.6251324993313
./IMG_8121.xmp,0.36875435970233,5.47698466584204,65,0,46,0,41.397,0,9.899,2004,123,3,5.201,10.677984665842
./IMG_8122.xmp,0.363774398780507,5.46204478307657,66,0,46,0,41.31,0,9.52,2017,124,3,5.273,10.7350447830766
./IMG_8123.xmp,0.368591993446385,5.4764975670742,67,0,46,0,41.225,0,8.85,2029,125,3,5.345,10.8214975670742
./IMG_8124.xmp,0.359137615433423,5.44813443303532,69,0,46,0,41.142,0,7.543,2042,125,3,5.418,10.8661344330353
./IMG_8125.xmp,0.360048424560004,5.45086686041506,70,0,46,0,41,0,6.834,2054,126,3,5.491,10.9418668604151
./IMG_8126.xmp,0.35421528167761,5.43336743176788,71,0,46,0,40.942,0,6.13,2067,127,3,5.564,10.9973674317679
./IMG_8127.xmp,0.342617923752172,5.39857535799157,72,0,46,0,40.893,0,5.589,2080,127,3,5.617,11.0155753579916
./IMG_8128.xmp,0.331949474470888,5.36657001014771,73,0,46,0,40.849,0,5.393,2092,128,3,5.67,11.0365700101477
./IMG_8129.xmp,0.315432095940372,5.31701787455617,74,0,46,0,40.768,0,5.393,2105,129,3,5.724,11.0410178745562
./IMG_8130.xmp,0.322084469404883,5.3369749949497,75,0,46,0,40.726,0,5.564,2118,129,3,5.777,11.1139749949497
./IMG_8131.xmp,0.314108237596884,5.3130462995257,76,0,46,0,40.629,0,6.492,2131,130,3,5.853,11.1660462995257
./IMG_8132.xmp,0.316524296366709,5.32029447583518,77,0,46,0,40.572,0,6.998,2144,131,3,5.928,11.2482944758352
./IMG_8133.xmp,0.313656516116578,5.31169113508478,78,0,46,0,40.508,0,7.128,2158,131,3,6.005,11.3166911350848
./IMG_8134.xmp,0.329640850604201,5.35964413854765,80,0,46,0,40.439,0,8.556,2171,132,3,6.081,11.4406441385477
./IMG_8135.xmp,0.360523481344621,5.45229203076891,81,0,46,0,40.295,0,9.107,2184,133,3,6.158,11.6102920307689
./IMG_8136.xmp,0.37990368920452,5.51043265434861,83,0,46,0,40.216,0,9.985,2198,134,3,6.236,11.7464326543486
./IMG_8137.xmp,0.380338350164517,5.5117366372286,84,0,46,0,40.134,0,11.079,2211,135,3,6.325,11.8367366372286
./IMG_8138.xmp,0.39132985590049,5.54471115443652,86,0,46,0,39.96,0,11.225,2225,136,3,6.415,11.9597111544365
./IMG_8139.xmp,0.39604592470235,5.5588593608421,88,0,46,0,39.874,0,11.115,2238,137,3,6.506,12.0648593608421
./IMG_8140.xmp,0.40848218536159,5.59616814281982,90,0,46,0,39.788,0,12.161,2252,138,3,6.597,12.1931681428198
./IMG_8141.xmp,0.425373880077256,5.64684322696682,92,0,46,0,39.611,0,13.403,2266,138,3,6.689,12.3358432269668
./IMG_8142.xmp,0.443421666622506,5.70098658660257,94,0,46,0,39.516,0,13.982,2280,139,3,6.781,12.4819865866026
./IMG_8143.xmp,0.45100480432848,5.72373599972049,96,0,46,0,39.317,0,14.08,2294,141,3,6.885,12.6087359997205
./IMG_8144.xmp,0.464597269600997,5.76451339553804,98,0,46,0,39.216,0,13.583,2308,141,3,6.979,12.743513395538
./IMG_8145.xmp,0.469878502922356,5.78035709550212,101,0,46,0,39.116,0,13.486,2322,143,3,7.085,12.8653570955021
./IMG_8146.xmp,0.476434481244047,5.80002503046719,103,0,46,0,38.923,0,13.76,2337,144,3,7.192,12.9920250304672
./IMG_8147.xmp,0.50355138796962,5.88137575064391,106,0,46,0,38.824,0,13.941,2351,145,3,7.3,13.1813757506439
./IMG_8148.xmp,0.508983234568939,5.89767129044187,109,0,46,0,38.62,0,13.941,2366,146,3,7.409,13.3066712904419
./IMG_8149.xmp,0.531446308215795,5.96506051138243,111,0,46,0,38.515,0,13.941,2381,147,3,7.519,13.4840605113824
./IMG_8150.xmp,0.549144171215496,6.01815410038154,114,0,46,0,38.298,0,13.941,2395,148,3,7.629,13.6471541003815
./IMG_8151.xmp,0.564190935232985,6.063294392434,117,0,46,0,38.188,0,13.234,2410,149,3,7.74,13.803294392434
./IMG_8152.xmp,0.588439689160008,6.13604065421507,121,0,46,0,37.974,0,11.345,2425,150,3,7.852,13.9880406542151
./IMG_8153.xmp,0.619121099437715,6.22808488504819,124,0,46,0,37.873,0,10.659,2440,152,3,7.964,14.1920848850482
./IMG_8154.xmp,0.653604807638066,6.33153600964925,126,0,46,0,37.68,0,9.975,2455,153,3,8.066,14.3975360096493
./IMG_8155.xmp,0.689799638663473,6.44012050272547,129,0,46,0,37.589,0,9.544,2471,154,3,8.168,14.6081205027255
./IMG_8156.xmp,0.739050720346345,6.58787374777409,133,0,46,0,37.42,0,9.544,2486,155,3,8.283,14.8708737477741
./IMG_8157.xmp,0.782473488629017,6.7181420526221,136,0,46,0,37.335,0,9.544,2502,156,3,8.399,15.1171420526221
./IMG_8158.xmp,0.814955382950987,6.81558773558801,140,0,46,0,37.169,0,9.544,2518,157,3,8.516,15.331587735588
./IMG_8159.xmp,0.846410875840405,6.90995421425627,144,0,46,0,37.09,0,9.665,2534,159,3,8.634,15.5439542142563
./IMG_8160.xmp,0.8756436186045,6.99765244254855,148,0,46,0,36.938,0,10.004,2549,160,3,8.753,15.7506524425485
./IMG_8161.xmp,0.892296979381796,7.04761252488044,152,0,46,0,36.78,0,10.651,2566,161,3,8.873,15.9206125248804
./IMG_8162.xmp,0.897858441714771,7.06429691187936,157,0,46,0,36.696,0,10.159,2582,162,3,8.994,16.0582969118794
./IMG_8163.xmp,0.893762579195222,7.05200932432072,161,0,46,0,36.532,0,9.873,2598,164,3,9.116,16.1680093243207
./IMG_8164.xmp,0.892330218154565,7.04771224119875,166,0,46,0,36.455,0,8.94,2615,165,3,9.239,16.2867122411987
./IMG_8165.xmp,0.918283177420682,7.1255711189971,171,0,46,0,36.311,0,9.491,2631,166,3,9.362,16.4875711189971
./IMG_8166.xmp,0.942563774944092,7.19841291156733,175,0,46,0,36.167,0,9.591,2648,167,3,9.487,16.6854129115673
./IMG_8167.xmp,0.962471265496588,7.25813538322481,181,0,46,0,36.093,0,10.627,2665,169,3,9.612,16.8701353832248
./IMG_8168.xmp,0.978446695677735,7.30606167376826,186,0,46,0,35.94,0,11.291,2682,170,3,9.739,17.0450616737683
./IMG_8169.xmp,0.989508377834039,7.33924672023717,192,0,46,0,35.777,0,11.783,2699,171,3,9.866,17.2052467202372
./IMG_8170.xmp,1.00550613443815,7.3872399900495,198,0,46,0,35.691,0,12.225,2716,173,3,9.995,17.3822399900495
./IMG_8171.xmp,1.01801806584441,7.42477578426828,204,0,46,0,35.512,0,12.641,2733,174,3,10.124,17.5487757842683
./IMG_8172.xmp,1.03532527104614,7.47669739987347,211,0,46,0,35.324,0,13.259,2751,175,3,10.269,17.7456973998735
./IMG_8173.xmp,1.06125892565898,7.55449836371199,218,0,46,0,35.124,0,12.734,2768,177,3,10.415,17.969498363712
./IMG_8174.xmp,1.08304401510326,7.61985363204483,226,0,46,0,35.024,0,13.126,2786,178,3,10.563,18.1828536320448
./IMG_8175.xmp,1.10189168239336,7.67639663391513,234,0,46,0,34.824,0,13.126,2804,180,3,10.711,18.3873966339151
./IMG_8176.xmp,1.11215516185555,7.7071870723017,242,0,46,0,34.622,0,13.235,2822,182,3,10.861,18.5681870723017
./IMG_8177.xmp,1.13417527311038,7.77324740606619,251,0,46,0,34.413,0,13.682,2840,183,3,11.013,18.7862474060662
./IMG_8178.xmp,1.13873011281371,7.78691192517618,260,0,46,0,34.196,0,14.892,2859,185,3,11.165,18.9519119251762
./IMG_8179.xmp,1.15367274401369,7.83173981877612,269,0,46,0,33.949,0,15.342,2877,186,3,11.319,19.1507398187761
./IMG_8180.xmp,1.16393247083792,7.86251899924881,280,0,46,0,33.815,0,15.971,2896,188,3,11.49,19.3525189992488
./IMG_8181.xmp,1.17512082621057,7.89608406536676,291,0,46,0,33.539,0,15.971,2915,190,3,11.662,19.5580840653668
./IMG_8182.xmp,1.19902820975688,7.96780621600569,303,0,46,0,33.269,0,15.971,2934,192,3,11.836,19.8038062160057
./IMG_8183.xmp,1.20893695131001,7.99753244066508,316,0,46,0,33.002,0,15.988,2953,193,3,12.012,20.0095324406651
./IMG_8184.xmp,1.20995524461628,8.00058732058389,329,0,46,0,32.734,0,16.458,2973,195,3,12.189,20.1895873205839
./IMG_8185.xmp,1.20446399725642,7.98411357850431,343,0,46,0,32.46,0,17.209,2992,197,3,12.368,20.3521135785043
./IMG_8186.xmp,1.19795090783262,7.96457431023291,359,0,46,0,32.187,0,17.147,3012,199,3,12.565,20.5295743102329
./IMG_8187.xmp,1.18873920880984,7.93693921316457,376,0,46,0,31.914,0,18.286,3032,201,3,12.764,20.7009392131646
./IMG_8188.xmp,1.1970038586168,7.96173316258545,394,0,46,0,31.632,0,18.297,3052,203,3,12.965,20.9267331625854
./IMG_8189.xmp,1.21238598719261,8.00787954831288,412,0,46,0,31.342,0,19.037,3073,205,3,13.168,21.1758795483129
./IMG_8190.xmp,1.22276302843802,8.03901067204911,435,0,46,0,31.05,0,19.16,3093,208,3,13.39,21.4290106720491
./IMG_8191.xmp,1.22800923062578,8.05474927861239,457,0,46,0,30.752,0,20.024,3114,210,3,13.615,21.6697492786124
./IMG_8192.xmp,1.23723722562185,8.0824332636006,482,0,46,0,30.446,0,19.29,3135,212,3,13.843,21.9254332636006
./IMG_8193.xmp,1.23951102577024,8.08925466404577,509,0,46,0,30.13,0,19.807,3157,215,3,14.073,22.1622546640458
./IMG_8194.xmp,1.24202580076807,8.09679898903926,537,0,46,0,29.815,0,18.735,3178,217,3,14.305,22.4017989890393
./IMG_8195.xmp,1.26382958906595,8.1622103539329,567,0,46,0,29.371,0,16.834,3200,219,3,14.541,22.7032103539329
./IMG_8196.xmp,1.29435769982379,8.25379468620642,598,0,46,0,29.109,0,18.597,3222,222,3,14.778,23.0317946862064
./IMG_8197.xmp,1.31629188696883,8.31959724764154,636,0,46,0,28.842,0,19.567,3244,225,3,15.037,23.3565972476415
./IMG_8198.xmp,1.37058898275567,8.48248853500206,675,0,46,0,28.568,0,20.335,3267,227,3,15.299,23.7814885350021
./IMG_8199.xmp,1.40095930474167,8.57359950096006,718,0,46,0,28.266,0,19.905,3290,230,3,15.564,24.1375995009601
./IMG_8200.xmp,1.42457265297811,8.64443954566938,765,0,46,0,27.813,0,20.678,3313,233,3,15.832,24.4764395456694
./IMG_8201.xmp,1.43657663920398,8.68045150434699,817,0,46,0,27.512,0,21.352,3336,236,3,16.124,24.804451504347
./IMG_8202.xmp,1.42859384060522,8.65650310855071,874,0,46,0,27.19,0,21.19,3360,239,3,16.419,25.0755031085507
./IMG_8203.xmp,1.42933660425566,8.65873139950203,937,0,46,0,26.695,0,21.033,3384,242,3,16.717,25.375731399502
./IMG_8204.xmp,1.43822878576996,8.68540794404493,1007,0,46,0,26.375,0,21.28,3408,245,3,17.02,25.7054079440449
./IMG_8205.xmp,1.45488386236767,8.73537317383806,1079,0,46,0,25.907,0,19.022,3433,248,3,17.326,26.0613731738381
./IMG_8206.xmp,1.47357365996743,8.79144256663734,1159,0,46,0,25.618,0,18.439,3458,251,3,17.636,26.4274425666373
./IMG_8207.xmp,1.48491987558319,8.82548121348462,1239,0,46,0,25.265,0,16.319,3483,254,3,17.929,26.7544812134846
./IMG_8208.xmp,1.48751555867118,8.83326826274859,1328,0,46,0,25.043,0,16.946,3508,257,3,18.225,27.0582682627486
./IMG_8209.xmp,1.48945235263612,8.83907864464341,1430,0,46,0,24.703,0,18.164,3534,261,3,18.547,27.3860786446434
./IMG_8210.xmp,1.4918565465573,8.84629122640695,1536,0,46,0,24.472,0,15.578,3560,264,3,18.851,27.6972912264069
./IMG_8211.xmp,1.49741498079875,8.8629665291313,1647,0,46,0,24.13,0,13.829,3587,267,3,19.159,28.0219665291313
./IMG_8212.xmp,1.500941868254,8.87354719149705,1773,0,46,0,23.91,0,15.275,3614,270,3,19.471,28.344547191497
./IMG_8213.xmp,1.49865697933033,8.86669252472604,1874,0,46,0,23.561,0,10.452,3641,273,3,19.718,28.584692524726
./IMG_8214.xmp,1.49901830146984,8.86777649114457,1986,0,46,0,23.282,0,10.28,3668,275,3,19.968,28.8357764911446
./IMG_8215.xmp,1.49288358954428,8.84937235536789,2109,0,46,0,23.113,0,9.526,3696,278,3,20.22,29.0693723553679
./IMG_8216.xmp,1.49128119090102,8.84456515943811,2234,0,46,0,22.867,0,8.852,3724,281,3,20.475,29.3195651594381
./IMG_8217.xmp,1.49331416938648,8.85066409489449,2373,0,46,0,22.61,0,9.084,3752,283,3,20.733,29.5836640948945
./IMG_8218.xmp,1.50389865879912,8.88241756313241,2561,0,46,0,22.338,0,13.89,3780,287,3,21.063,29.9454175631324
./IMG_8219.xmp,1.50972613671088,8.89989999686769,2763,0,46,0,21.946,0,12.525,3809,290,3,21.398,30.2978999968677
./IMG_8220.xmp,1.51445986902538,8.91410119381119,2941,0,46,0,21.67,0,11.367,3838,293,3,21.664,30.5781011938112
./IMG_8221.xmp,1.51858264887649,8.92646953336452,3131,0,46,0,21.254,0,11.022,3868,296,3,21.932,30.8584695333645
./IMG_8222.xmp,1.51098664175913,8.90368151201244,3332,0,46,0,20.845,0,7.588,3898,298,3,22.204,31.1076815120124
./IMG_8223.xmp,1.50646096109252,8.89010447001261,3547,0,46,0,20.542,0,6.944,3927,301,3,22.477,31.3671044700126
./IMG_8224.xmp,1.50752220256231,8.89328819442198,3784,0,46,0,20.258,0,6.702,3958,304,3,22.753,31.646288194422
./IMG_8225.xmp,1.52091734827271,8.93347363155318,4037,0,46,0,19.977,0,10.528,3988,307,3,23.031,31.9644736315532
./IMG_8226.xmp,1.53034108964982,8.96174485568451,4327,0,46,0,19.639,0,11.478,4019,310,3,23.338,32.2997448556845
./IMG_8227.xmp,1.53225289290629,8.96748026545392,4735,0,46,0,19.21,0,17.125,4050,314,3,23.726,32.6934802654539
./IMG_8228.xmp,1.53391409441478,8.97246386997939,5097,0,46,0,18.916,0,9.155,4082,317,3,24.04,33.0124638699794
./IMG_8229.xmp,1.53389229251586,8.97239846428263,5476,0,46,0,18.601,0,5.873,4113,321,3,24.357,33.3293984642826
./IMG_8230.xmp,1.53486318307464,8.97531113595897,5896,0,46,0,18.432,0,8.673,4146,324,3,24.678,33.653311135959
./IMG_8231.xmp,1.53218580112135,8.9672789900991,6364,0,46,0,18.262,0,11.082,4178,327,3,25.002,33.9692789900991
./IMG_8232.xmp,1.52918020180144,8.95826219213937,7029,0,46,0,18.099,0,23.296,4211,332,3,25.438,34.3962621921394
./IMG_8233.xmp,1.5313551624535,8.96478707409555,7799,0,46,0,17.893,0,24.863,4244,336,3,25.881,34.8457870740956
./IMG_8234.xmp,1.53187970197863,8.96636069267094,8633,0,46,0,17.632,0,25.371,4278,341,3,26.329,35.2953606926709
./IMG_8235.xmp,1.52951876188992,8.95927787240481,9469,0,46,0,17.394,0,13.718,4312,345,3,26.726,35.6852778724048
./IMG_8236.xmp,1.51578276915879,8.91806989421142,10338,0,46,0,17.205,0,11.18,4346,349,3,27.1,36.0180698942114
./IMG_8237.xmp,1.51059166964913,8.90249659568244,11055,0,46,0,17.138,0,9.59,4381,352,3,27.391,36.2934965956824
./IMG_8238.xmp,1.50219694585274,8.87731242429327,11821,0,46,0,16.971,0,-3.599,4417,355,3,27.684,36.5613124242933
./IMG_8239.xmp,1.53067095144675,8.9627344410753,12669,0,46,0,16.871,0,-5.927,4452,358,3,27.98,36.9427344410753
./IMG_8240.xmp,1.52541529093139,8.94696745952922,13454,0,46,0,16.867,0,-3.166,4488,361,3,28.249,37.1959674595292
./IMG_8241.xmp,1.52167416640449,8.93574408594852,14320,0,46,0,16.773,0,5.203,4524,364,3,28.519,37.4547440859485
./IMG_8242.xmp,1.52428205711654,8.94356775808467,15277,0,46,0,16.638,0,6.719,4561,366,3,28.792,37.7355677580847
./IMG_8243.xmp,1.51508993742668,8.91599139901509,16147,0,46,0,16.508,0,5.516,4597,369,3,29.036,37.9519913990151
./IMG_8244.xmp,1.51313352316352,8.91012215622561,17108,0,46,0,16.389,0,-10.87,4634,371,3,29.282,38.1921221562256
./IMG_8245.xmp,1.50927934885243,8.89855963329234,18125,0,46,0,16.395,0,-1.265,4672,374,3,29.53,38.4285596332923
./IMG_8246.xmp,1.50398429467356,8.88267447075573,19026,0,46,0,16.297,0,-1.265,4709,376,3,29.748,38.6306744707557
./IMG_8247.xmp,1.50356959356044,8.88143036741637,20018,0,46,0,16.228,0,1.062,4747,379,3,29.967,38.8484303674164
./IMG_8248.xmp,1.49992575444391,8.87049885006678,20917,0,46,0,16.149,6.086,-4.618,4785,380,3,30.157,39.0274988500668
./IMG_8249.xmp,1.49529793762203,8.85661539960114,21856,0,46,0,16.104,6.086,-1.843,4823,382,3,30.347,39.2036153996011
./IMG_8250.xmp,1.49736448555186,8.86281504339063,22837,0,46,0,16.095,6.086,0.991,4861,384,3,30.538,39.4008150433906
./IMG_8251.xmp,1.49359842200517,8.85151685275056,23917,0,46,0,16.008,6.086,5.555,4900,386,3,30.73,39.5815168527506
./IMG_8252.xmp,1.49020648596192,8.84134104462081,24990,0,46,0,15.979,6.086,-7.673,4939,388,3,30.923,39.7643410446208
./IMG_8253.xmp,1.49358820884187,8.85148621326066,26112,0,46,0,15.98,6.086,-3.88,4977,390,3,31.117,39.9684862132607
./IMG_8254.xmp,1.48714105331907,8.83214474669226,27347,0,46,0,15.88,6.086,-19.191,5016,392,3,31.312,40.1441447466923
./IMG_8255.xmp,1.4695593509996,8.77939963973385,28574,0,46,0,15.918,6.086,-15.117,5056,394,3,31.508,40.2873996397338
./IMG_8256.xmp,1.45846450322682,8.74611509641551,29926,0,46,0,15.875,6.086,-30.904,5095,396,3,31.705,40.4511150964155
./IMG_8257.xmp,1.44411508489078,8.70306684140739,31341,0,46,0,15.961,6.086,-32.836,5135,399,3,31.903,40.6060668414074
./IMG_8258.xmp,1.43367251802204,8.67173914080117,16412,0,43,-3,16.046,6.086,-29.574,5175,400,3,32.102,40.7737391408012
./IMG_8259.xmp,1.41387400969745,8.6123436158274,17187,0,43,-3,16.06,6.086,-17.093,5215,400,3,32.302,40.9143436158274
./IMG_8260.xmp,1.40031964193951,8.57168051255358,18000,0,43,-3,16.075,6.086,-15.117,5255,400,3,32.502,41.0736805125536
./IMG_8261.xmp,1.38697848819596,8.53165705132293,18851,0,43,-3,16.113,6.086,-15.763,5295,400,3,32.702,41.2336570513229
./IMG_8262.xmp,1.37584370310437,8.49825269604816,19743,0,43,-3,16.098,6.086,-11.411,5335,400,3,32.902,41.4002526960482
./IMG_8263.xmp,1.36409724240129,8.46301331393892,20677,0,43,-3,15.985,6.086,-7.573,5376,400,3,33.102,41.5650133139389
./IMG_8264.xmp,1.35785637245591,8.44429070410278,21655,0,43,-3,16.002,6.086,-15.245,5416,400,3,33.302,41.7462907041028
./IMG_8265.xmp,1.35168251744109,8.42576913905832,22679,0,43,-3,16.102,6.086,1.757,5456,400,3,33.502,41.9277691390583
./IMG_8266.xmp,1.34494916345068,8.40556907708709,23751,0,43,-3,15.995,6.086,-5.629,5496,400,3,33.702,42.1075690770871
./IMG_8267.xmp,1.33329494967653,8.37060643576464,24875,0,43,-3,16.006,6.086,1.256,5536,400,3,33.902,42.2726064357646
./IMG_8268.xmp,1.31131194153059,8.30465741132682,26052,0,43,-3,16.06,6.086,5.607,5576,400,3,34.102,42.4066574113268
./IMG_8269.xmp,1.29568899432411,8.25778856970738,27284,0,43,-3,16.079,6.086,5.168,5616,400,3,34.302,42.5597885697074
./IMG_8270.xmp,1.27277490071768,8.18904628888809,28574,0,43,-3,16.086,6.086,6.401,5656,400,3,34.502,42.6910462888881
./IMG_8271.xmp,1.26136905834407,8.15482876176726,29926,0,43,-3,16.005,6.086,-5.296,5696,400,3,34.702,42.8568287617673
./IMG_8272.xmp,1.24454993627949,8.10437139557352,31341,0,43,-3,15.95,6.086,10.377,5736,400,3,34.902,43.0063713955735
./IMG_8273.xmp,1.22174203494357,8.03594769156576,26053,0,42,-4,15.857,6.086,9.587,5776,400,3,35.102,43.1379476915658
./IMG_8274.xmp,1.18680668593537,7.93114164454116,27284,0,42,-4,15.798,6.086,-12.972,5816,400,3,35.302,43.2331416445412
./IMG_8275.xmp,1.16896044146187,7.87760291112066,28574,0,42,-4,15.813,6.086,3.737,5856,400,3,35.502,43.3796029111207
./IMG_8276.xmp,1.15396908809512,7.83262885102041,29926,0,42,-4,15.823,6.086,6.339,5896,400,3,35.702,43.5346288510204
./IMG_8277.xmp,1.1382304719058,7.78541300245245,31341,0,42,-4,15.827,6.086,-7.158,5936,400,3,35.902,43.6874130024525
./IMG_8278.xmp,1.10262128370316,7.67858543784453,26053,0,41,-5,15.819,6.086,0.112,5977,400,3,36.102,43.7805854378445
./IMG_8279.xmp,1.07597039130107,7.59863276063826,27284,0,41,-5,15.86,6.086,5.409,6017,400,3,36.302,43.9006327606383
./IMG_8280.xmp,1.0599656927052,7.55061866485065,28574,0,41,-5,15.9,6.086,7.66,6057,400,3,36.502,44.0526186648507
./IMG_8281.xmp,1.0334498630854,7.47107117599125,29926,0,41,-5,15.915,6.086,12.947,6097,400,3,36.702,44.1730711759912
./IMG_8282.xmp,0.993527780670966,7.35130492874795,31341,0,41,-5,15.831,6.086,-11.144,6137,400,3,36.902,44.253304928748
./IMG_8283.xmp,0.987548225666441,7.33336626373437,26053,0,40,-6,15.877,6.086,-7.895,6177,400,3,37.102,44.4353662637344
./IMG_8284.xmp,0.97362793452928,7.29160539032289,27284,0,40,-6,15.932,6.086,2.544,6217,400,3,37.302,44.5936053903229
./IMG_8285.xmp,0.940052125854356,7.19087796429812,28574,0,40,-6,15.851,6.086,5.977,6257,400,3,37.502,44.6928779642981
./IMG_8286.xmp,0.893336254599551,7.0507303505337,29926,0,40,-6,15.815,6.086,9.411,6298,400,3,37.702,44.7527303505337
./IMG_8287.xmp,0.870749303254489,6.98296949649852,31341,0,40,-6,15.741,6.086,11.826,6337,400,3,37.902,44.8849694964985
./IMG_8288.xmp,0.839814464982081,6.89016498168129,26053,0,39,-7,15.696,6.086,-5.296,6378,400,3,38.102,44.9921649816813
./IMG_8289.xmp,0.824595648161391,6.84450853121922,27284,0,39,-7,15.704,6.086,-9.374,6418,400,3,38.302,45.1465085312192
./IMG_8290.xmp,0.823142213138588,6.84014822615081,28574,0,39,-7,15.722,6.086,1.975,6458,400,3,38.502,45.3421482261508
./IMG_8291.xmp,0.754391013440371,6.63389462705616,29926,0,39,-7,15.735,6.086,4.427,6498,400,3,38.702,45.3358946270562
./IMG_8292.xmp,0.720431228028223,6.53201527081972,31341,0,39,-7,15.782,6.086,8.122,6538,400,3,38.902,45.4340152708197
./IMG_8293.xmp,0.712271751720658,6.50753684189702,26053,0,38,-8,15.754,6.086,9.125,6578,400,3,39.102,45.609536841897
./IMG_8294.xmp,0.698890359877414,6.46739266636729,27284,0,38,-8,15.754,6.086,5.286,6618,400,3,39.302,45.7693926663673
./IMG_8295.xmp,0.63874762293792,6.28696445554881,28574,0,38,-8,15.756,6.086,8.392,6659,400,3,39.502,45.7889644555488
./IMG_8296.xmp,0.598234669495223,6.16542559522072,29926,0,38,-8,15.722,6.086,8.72,6699,400,3,39.702,45.8674255952207
./IMG_8297.xmp,0.606103706753995,6.18903270699704,31341,0,38,-8,15.732,6.086,-3.233,6739,400,3,39.902,46.091032706997
./IMG_8298.xmp,0.621525835035775,6.23529909184237,26053,0,37,-9,15.731,6.086,-4.022,6779,400,3,40.102,46.3372990918424
./IMG_8299.xmp,0.580870056809728,6.11333175716423,27284,0,37,-9,15.802,6.086,-12.82,6819,400,3,40.302,46.4153317571642
./IMG_8300.xmp,0.522827662414771,5.93920457397936,28574,0,37,-9,15.812,6.086,1.331,6859,400,3,40.502,46.4412045739794
./IMG_8301.xmp,0.519722085903588,5.92988784444581,29926,0,37,-9,15.785,6.086,0.643,6899,400,3,40.702,46.6318878444458
./IMG_8302.xmp,0.500530690050583,5.8723136568868,31341,0,37,-9,15.702,6.086,-19.423,6939,400,3,40.902,46.7743136568868
./IMG_8303.xmp,0.460604256759103,5.75253435701236,26053,0,36,-10,15.816,6.086,-18.825,6979,400,3,41.102,46.8545343570124
./IMG_8304.xmp,0.412478177952849,5.6081561205936,27033,0,36,-10,15.794,6.086,-10.908,7019,400,3,41.269,46.8771561205936
./IMG_8305.xmp,0.415462000242182,5.6171075874616,28116,0,36,-10,15.755,6.086,-6.21,7059,400,3,41.436,47.0531075874616
./IMG_8306.xmp,0.393707624997342,5.55184446172708,29242,0,36,-10,15.741,6.086,-4.967,7100,400,3,41.602,47.1538444617271
./IMG_8307.xmp,0.358466913576059,5.44612232746323,30343,0,36,-10,15.686,6.086,-14.555,7140,400,3,41.769,47.2151223274632
./IMG_8308.xmp,0.359523144158104,5.44929101920936,31559,0,36,-10,15.747,6.086,-14.555,7180,400,3,41.936,47.3852910192094
./IMG_8309.xmp,0.328460509194878,5.35610311431968,25813,0,35,-11,15.704,6.086,-8.016,7220,400,3,42.069,47.4251031143197
./IMG_8310.xmp,0.287368214853088,5.23282623129431,26661,0,35,-11,15.665,6.086,-16.148,7260,400,3,42.202,47.4348262312943
./IMG_8311.xmp,0.30919006810044,5.29829179103637,27474,0,35,-11,15.63,6.086,-8.989,7300,400,3,42.336,47.6342917910364
./IMG_8312.xmp,0.301179122595655,5.27425895452201,28311,0,35,-11,15.622,6.086,-8.989,7340,400,3,42.469,47.743258954522
./IMG_8313.xmp,0.26242786629672,5.15800518562521,29242,0,35,-11,15.646,6.086,-13.666,7380,400,3,42.602,47.7600051856252
./IMG_8314.xmp,0.232756123301523,5.06898995663962,30134,0,35,-11,15.677,6.086,-8.129,7420,400,3,42.736,47.8049899566396
./IMG_8315.xmp,0.250980612926274,5.12366342551387,31053,0,35,-11,15.613,6.086,-8.129,7461,400,3,42.869,47.9926634255139
./IMG_8316.xmp,0.233952041675384,5.0725777117612,25458,0,34,-12,15.59,6.086,-3.558,7501,400,3,43.002,48.0745777117612
./IMG_8317.xmp,0.169831181727736,4.88021513191826,26052,0,34,-12,15.574,6.086,-9.047,7541,400,3,43.102,47.9822151319183
./IMG_8318.xmp,0.166450516339441,4.87007313575337,26661,0,34,-12,15.528,6.086,0.915,7581,400,3,43.202,48.0720731357534
./IMG_8319.xmp,0.16033985057253,4.85174113845264,27284,0,34,-12,15.567,6.086,0.915,7621,400,3,43.302,48.1537411384526
./IMG_8320.xmp,0.131439547339677,4.76504022875408,27922,0,34,-12,15.554,6.086,4.165,7661,400,3,43.402,48.1670402287541
./IMG_8321.xmp,0.0717106703179544,4.58585359768891,28574,0,34,-12,15.518,6.086,-10.036,7701,400,3,43.502,48.0878535976889
./IMG_8322.xmp,0.0301460202899461,4.46115964760489,29242,0,34,-12,15.607,6.086,-5.729,7741,400,3,43.602,48.0631596476049
./IMG_8323.xmp,0.0572288593094026,4.54240816466326,29926,0,34,-12,15.675,6.086,-5.729,7781,400,3,43.702,48.2444081646633
./IMG_8324.xmp,0.0938694242843146,4.65232985958799,30625,0,34,-12,15.723,6.086,3.79,7821,400,3,43.802,48.454329859588
./IMG_8325.xmp,0.0600482733292587,4.55086640672283,31341,0,34,-12,15.742,6.086,3.79,7861,400,3,43.902,48.4528664067228
./IMG_8326.xmp,-0.0272208817860776,4.28905894137682,25458,0,33,-13,15.742,6.086,-6.056,7902,400,3,44.002,48.2910589413768
./IMG_8327.xmp,-0.0461058425107336,4.23240405920285,25812,0,33,-13,15.751,6.086,-4.149,7942,400,3,44.069,48.3014040592029
./IMG_8328.xmp,0.00278276035754175,4.37906986780767,26233,0,33,-13,15.811,6.086,-5.094,7982,400,3,44.136,48.5150698678077
./IMG_8329.xmp,-0.0283897952976409,4.28555220084213,26661,0,33,-13,15.839,6.086,3.234,8022,400,3,44.202,48.4875522008421
./IMG_8330.xmp,-0.0397757432969126,4.25139435684431,27033,0,33,-13,15.842,6.086,9.79,8062,400,3,44.269,48.5203943568443
./IMG_8331.xmp,-0.0525952120882547,4.21293595047029,27474,0,33,-13,15.788,6.086,1.873,8102,400,3,44.336,48.5489359504703
./IMG_8332.xmp,-0.11240752414416,4.03349901430257,27922,0,33,-13,15.819,6.086,-8.16,8142,400,3,44.402,48.4354990143026
./IMG_8333.xmp,-0.15146954909983,3.91631293943556,28311,0,33,-13,15.836,6.086,0.375,8182,400,3,44.469,48.3853129394356
./IMG_8334.xmp,-0.158954378986208,3.89385844977643,28773,0,33,-13,15.89,6.086,-2.803,8222,400,3,44.536,48.4298584497764
./IMG_8335.xmp,-0.222913666099204,3.70198058843744,29242,0,33,-13,15.936,6.086,0.94,8262,400,3,44.602,48.3039805884374
./IMG_8336.xmp,-0.197098688411136,3.77942552150164,29650,0,33,-13,15.91,6.086,-2.916,8303,400,3,44.669,48.4484255215016
./IMG_8337.xmp,-0.190879584996187,3.79808283174649,30134,0,33,-13,15.901,6.086,2.684,8342,400,3,44.736,48.5340828317465
./IMG_8338.xmp,-0.230647041045075,3.67878046359982,30625,0,33,-13,15.954,6.086,9.037,8382,400,3,44.802,48.4807804635998
./IMG_8339.xmp,-0.261081592404828,3.58747680952057,31053,0,33,-13,15.902,6.086,13.978,8423,400,3,44.869,48.4564768095206
./IMG_8340.xmp,-0.261689420414088,3.58565332549279,31559,0,33,-13,15.876,6.086,6.588,8463,400,3,44.936,48.5216533254928
./IMG_8341.xmp,-0.28377318454427,3.51940203310224,31778,0,33,-13,15.833,6.086,16.024,8503,400,3,44.969,48.4884020331022
./IMG_8342.xmp,-0.320098052383609,3.41042742958422,25458,0,32,-14,15.855,6.086,1.15,8543,400,3,45.002,48.4124274295842
./IMG_8343.xmp,-0.337199207547615,3.35912396409221,25634,0,32,-14,15.869,6.086,21.462,8583,400,3,45.036,48.3951239640922
./IMG_8344.xmp,-0.388231857667307,3.20602601373313,25812,0,32,-14,15.872,6.086,14.231,8623,400,3,45.069,48.2750260137331
./IMG_8345.xmp,-0.372149086027317,3.2542743286531,26052,0,32,-14,15.848,6.086,21.577,8663,400,3,45.102,48.3562743286531
./IMG_8346.xmp,-0.35081307043007,3.31828237544484,26233,0,32,-14,15.772,6.086,12.828,8703,400,3,45.136,48.4542823754448
./IMG_8347.xmp,-0.391278212012707,3.19688695069693,26415,0,32,-14,15.811,6.086,22.953,8743,400,3,45.169,48.3658869506969
./IMG_8348.xmp,-0.392017586289168,3.19466882786755,26661,0,32,-14,15.774,6.086,21.304,8783,400,3,45.202,48.3966688278676
./IMG_8349.xmp,-0.39822333104318,3.17605159360551,26846,0,32,-14,15.774,6.086,30.21,8823,400,3,45.236,48.4120515936055
./IMG_8350.xmp,-0.441951440059539,3.04486726655643,27033,0,32,-14,15.749,6.086,22.82,8864,400,3,45.269,48.3138672665564
./IMG_8351.xmp,-0.461587177697079,2.98596005364381,27284,0,32,-14,15.689,6.086,19.479,8904,400,3,45.302,48.2879600536438
./IMG_8352.xmp,-0.449545398776206,3.02208539040643,27474,0,32,-14,15.596,6.086,24.178,8944,400,3,45.336,48.3580853904064
./IMG_8353.xmp,-0.457400659167305,2.99851960923313,27665,0,32,-14,15.527,6.086,11.35,8984,400,3,45.369,48.3675196092331
./IMG_8354.xmp,-0.478610178379992,2.93489105159507,27922,0,32,-14,15.593,6.086,15.628,9024,400,3,45.402,48.3368910515951
./IMG_8355.xmp,-0.473510354374193,2.95019052361247,28116,0,32,-14,15.656,6.086,19.979,9064,400,3,45.436,48.3861905236125
./IMG_8356.xmp,-0.461695228217876,2.98563590208142,28311,0,32,-14,15.533,6.086,-4.584,9104,400,3,45.469,48.4546359020814
./IMG_8357.xmp,-0.47272686529172,2.95254099085989,28574,0,32,-14,15.586,6.086,-2.208,9144,400,3,45.502,48.4545409908599
./IMG_8358.xmp,-0.474100762797398,2.94841929834286,28773,0,32,-14,15.605,6.086,5.137,9184,400,3,45.536,48.4844192983429
./IMG_8359.xmp,-0.452641179051271,3.01279804958124,28973,0,32,-14,15.534,6.086,5.137,9224,400,3,45.569,48.5817980495812
./IMG_8360.xmp,-0.433667474028712,3.06971916464891,29242,0,32,-14,15.488,6.086,-13.371,9265,400,3,45.602,48.6717191646489
./IMG_8361.xmp,-0.472567650264162,2.95301863594256,29446,0,32,-14,15.579,6.086,-7.488,9304,400,3,45.636,48.5890186359426
./IMG_8362.xmp,-0.504815202241669,2.85627598001004,29650,0,32,-14,15.665,6.086,0.216,9344,400,3,45.669,48.52527598001
./IMG_8363.xmp,-0.496561046932552,2.88103844593739,29926,0,32,-14,15.59,6.086,1.758,9385,400,3,45.702,48.5830384459374
./IMG_8364.xmp,-0.472845863080745,2.95218399749281,30134,0,32,-14,15.573,6.086,1.758,9425,400,3,45.736,48.6881839974928
./IMG_8365.xmp,-0.469635019069598,2.96181652952626,30343,0,32,-14,15.626,6.086,7.055,9465,400,3,45.769,48.7308165295263
./IMG_8366.xmp,-0.506949046867935,2.84987444613124,30625,0,32,-14,15.565,6.086,0.216,9505,400,3,45.802,48.6518744461312
./IMG_8367.xmp,-0.537124515049433,2.75934804158675,30838,0,32,-14,15.588,6.086,-7.92,9545,400,3,45.836,48.5953480415867
./IMG_8368.xmp,-0.554696578032927,2.70663185263627,31053,0,32,-14,15.605,6.086,1.645,9585,400,3,45.869,48.5756318526363
./IMG_8369.xmp,-0.567198531494927,2.66912599225027,31341,0,32,-14,15.644,6.086,-9.464,9625,400,3,45.902,48.5711259922503
./IMG_8370.xmp,-0.584015936029881,2.61867377864541,31559,0,32,-14,15.644,6.086,0.216,9665,400,3,45.936,48.5546737786454
./IMG_8371.xmp,-0.587250652349091,2.60896962968778,31559,0,32,-14,15.659,6.086,-5.816,9706,400,3,45.936,48.5449696296878
./IMG_8372.xmp,-0.567451321198527,2.66836762313947,31559,0,32,-14,15.659,6.086,5.079,9746,400,3,45.936,48.6043676231395
./IMG_8373.xmp,-0.593603993218879,2.58990960707841,31559,0,32,-14,15.613,6.086,7.687,9786,400,3,45.936,48.5259096070784
./IMG_8374.xmp,-0.637619301304011,2.45786368282302,31559,0,32,-14,15.555,6.086,0.416,9826,400,3,45.936,48.393863682823
./IMG_8375.xmp,-0.621986975710389,2.50476065960388,31559,0,32,-14,15.547,6.086,7.991,9866,400,3,45.936,48.4407606596039
./IMG_8376.xmp,-0.601987647540291,2.56475864411418,31559,0,32,-14,15.552,6.086,-1.774,9906,400,3,45.936,48.5007586441142
./IMG_8377.xmp,-0.617944248442817,2.5168888414066,31559,0,32,-14,15.607,6.086,1.531,9946,400,3,45.936,48.4528888414066
./IMG_8378.xmp,-0.667121053388312,2.36935842657011,31559,0,32,-14,15.654,6.086,7.132,9986,400,3,45.936,48.3053584265701
./IMG_8379.xmp,-0.665191365854896,2.37514748917036,31559,0,32,-14,15.602,6.086,7.132,10026,400,3,45.936,48.3111474891704
./IMG_8380.xmp,-0.693090853059409,2.29144902755682,31559,0,32,-14,15.61,6.086,12.732,10066,400,3,45.936,48.2274490275568
./IMG_8381.xmp,-0.654809609812866,2.40629275729645,31559,0,32,-14,15.581,6.086,14.248,10106,400,3,45.936,48.3422927572964
./IMG_8382.xmp,-0.721976235499493,2.20479288023657,31559,0,32,-14,15.604,6.086,4.954,10147,400,3,45.936,48.1407928802366
./IMG_8383.xmp,-0.72180516867818,2.20530608070051,31559,0,32,-14,15.62,6.086,14.248,10187,400,3,45.936,48.1413060807005
./IMG_8384.xmp,-0.699711008491884,2.2715885612594,31559,0,32,-14,15.62,6.086,7.121,10227,400,3,45.936,48.2075885612594
./IMG_8385.xmp,-0.66069069191396,2.38864951099317,31559,0,32,-14,15.696,6.086,1.521,10267,400,3,45.936,48.3246495109932
./IMG_8386.xmp,-0.599196357764498,2.57313251344156,31559,0,32,-14,15.704,6.086,10.814,10307,400,3,45.936,48.5091325134416
./IMG_8387.xmp,-0.635743407529614,2.46349136414621,31559,0,32,-14,15.636,6.086,7.121,10347,400,3,45.936,48.3994913641462
./IMG_8388.xmp,-0.646636789066633,2.43081121953515,31559,0,32,-14,15.576,6.086,5.472,10387,400,3,45.936,48.3668112195352
./IMG_8389.xmp,-0.521996825287898,2.80473111087136,31559,0,32,-14,15.599,6.086,0.127,10427,400,3,45.936,48.7407311108714
./IMG_8390.xmp,-0.457063238937041,2.99953186992393,31559,0,32,-14,15.621,6.086,-3.752,10468,400,3,45.936,48.9355318699239
./IMG_8391.xmp,-0.536560106021465,2.76104126867065,31559,0,32,-14,15.664,6.086,0.127,10508,400,3,45.936,48.6970412686707
./IMG_8392.xmp,-0.581631567851616,2.6258268831802,31559,0,32,-14,15.672,6.086,3.497,10548,400,3,45.936,48.5618268831802
./IMG_8393.xmp,-0.552412345416788,2.71348455048469,31559,0,32,-14,15.688,6.086,1.634,10588,400,3,45.936,48.6494845504847
./IMG_8394.xmp,-0.605904539866371,2.55300796713594,31559,0,32,-14,15.731,6.086,-3.965,10628,400,3,45.936,48.4890079671359
./IMG_8395.xmp,-0.638737318241042,2.45450963201192,31559,0,32,-14,15.781,6.086,0.185,10668,400,3,45.936,48.3905096320119
./IMG_8396.xmp,-0.609184935590946,2.54316677996221,31559,0,32,-14,15.763,6.086,-1.99,10708,400,3,45.936,48.4791667799622
./IMG_8397.xmp,-0.561457876241607,2.68634795801023,31559,0,32,-14,15.779,6.086,1.634,10748,400,3,45.936,48.6223479580102
./IMG_8398.xmp,-0.488505213108999,2.90520594740805,31559,0,32,-14,15.834,6.086,1.634,10788,400,3,45.936,48.841205947408
./IMG_8399.xmp,-0.489487742781292,2.90225835839117,31559,0,32,-14,15.827,6.086,3.453,10828,400,3,45.936,48.8382583583912
./IMG_8400.xmp,-0.551049614734526,2.71757274253147,31559,0,32,-14,15.819,6.086,12.892,10869,400,3,45.936,48.6535727425315
./IMG_8401.xmp,-0.559473704409409,2.69230047350682,31559,0,32,-14,15.764,6.086,7.448,10909,400,3,45.936,48.6283004735068
./IMG_8402.xmp,-0.55642632746538,2.70144260433891,31559,0,32,-14,15.824,6.086,7.448,10949,400,3,45.936,48.6374426043389
./IMG_8403.xmp,-0.615657846171996,2.52374804821906,31559,0,32,-14,15.801,6.086,9.267,10989,400,3,45.936,48.4597480482191
./IMG_8404.xmp,-0.658422169696265,2.39545507764625,31559,0,32,-14,15.842,6.086,2.728,11029,400,3,45.936,48.3314550776462
./IMG_8405.xmp,-0.696959732025212,2.27984239065941,31559,0,32,-14,15.888,6.086,1.341,11069,400,3,45.936,48.2158423906594
./IMG_8406.xmp,-0.796417037505086,1.98147047421979,31559,0,32,-14,15.903,6.086,5.905,11109,400,3,45.936,47.9174704742198
./IMG_8407.xmp,-0.797453593403988,1.97836080652309,31559,0,32,-14,15.94,6.086,9.183,11149,400,3,45.936,47.9143608065231
./IMG_8408.xmp,-0.80148103290085,1.9662784880325,31559,0,32,-14,15.896,6.086,12.876,11189,400,3,45.936,47.9022784880325
./IMG_8409.xmp,-0.74592414082109,2.13294916427178,31559,0,32,-14,15.857,6.086,12.876,11230,400,3,45.936,48.0689491642718
./IMG_8410.xmp,-0.595670678875412,2.58370955010881,31559,0,32,-14,15.802,6.086,10.175,11270,400,3,45.936,48.5197095501088
./IMG_8411.xmp,-0.454882273177505,3.00607476720253,31559,0,32,-14,15.81,6.086,6.336,11310,400,3,45.936,48.9420747672025
./IMG_8412.xmp,-0.424329365107104,3.09773349141374,31559,0,32,-14,15.872,6.086,0.202,11350,400,3,45.936,49.0337334914137
./IMG_8413.xmp,-0.51010199764764,2.84041559379213,31559,0,32,-14,15.872,6.086,12.876,11390,400,3,45.936,48.7764155937921
./IMG_8414.xmp,-0.646422285135027,2.43145473132997,31559,0,32,-14,15.856,6.086,0.202,11430,400,3,45.936,48.36745473133
./IMG_8415.xmp,-0.699535812277474,2.27211414990263,31559,0,32,-14,15.863,6.086,9.456,11470,400,3,45.936,48.2081141499026
./IMG_8416.xmp,-0.775596276028824,2.04393275864858,31559,0,32,-14,15.876,6.086,11.218,11510,400,3,45.936,47.9799327586486
./IMG_8417.xmp,-0.985832759005685,1.41322330971799,31559,0,32,-14,15.83,6.086,8.098,11550,400,3,45.936,47.349223309718
./IMG_8418.xmp,-1.04374020426773,1.23950097393186,31559,0,32,-14,15.852,6.086,8.098,11591,400,3,45.936,47.1755009739319
./IMG_8419.xmp,-1.01557698060295,1.3239906449262,31559,0,32,-14,15.893,6.086,1.568,11631,400,3,45.936,47.2599906449262
./IMG_8420.xmp,-0.953987128129724,1.50876020234588,31559,0,32,-14,15.923,6.086,10.9,11671,400,3,45.936,47.4447602023459
./IMG_8421.xmp,-0.852202056173047,1.81411541821591,31559,0,32,-14,15.923,6.086,6.123,11711,400,3,45.936,47.7501154182159
./IMG_8422.xmp,-0.789997253266064,2.00072982693686,31559,0,32,-14,15.923,6.086,0.679,11751,400,3,45.936,47.9367298269369
./IMG_8423.xmp,-0.766512639088738,2.07118366946884,31559,0,32,-14,15.88,6.086,0.679,11791,400,3,45.936,48.0071836694688
./IMG_8424.xmp,-0.645697559719089,2.43362890757778,31559,0,32,-14,15.888,6.086,-1.296,11831,400,3,45.936,48.3696289075778
./IMG_8425.xmp,-0.609371575801086,2.54260685933179,31559,0,32,-14,15.88,6.086,5.343,11871,400,3,45.936,48.4786068593318
./IMG_8426.xmp,-0.542536891236379,2.74311091302591,31559,0,32,-14,15.908,6.086,2.014,11911,400,3,45.936,48.6791109130259
./IMG_8427.xmp,-0.474084805256069,2.94846717096684,31559,0,32,-14,15.867,6.086,6.792,11951,400,3,45.936,48.8844671709668
./IMG_8428.xmp,-0.483600196466763,2.91992099733476,31559,0,32,-14,15.847,6.086,-3.058,11992,400,3,45.936,48.8559209973348
./IMG_8429.xmp,-0.546610082224481,2.73089134006161,31559,0,32,-14,15.862,6.086,0.047,12032,400,3,45.936,48.6668913400616
./IMG_8430.xmp,-0.491486482122181,2.89626214036851,31559,0,32,-14,15.823,6.086,-1.542,12072,400,3,45.936,48.8322621403685
./IMG_8431.xmp,-0.403811939073921,3.15928576951329,31559,0,32,-14,15.807,6.086,-1.542,12112,400,3,45.936,49.0952857695133
./IMG_8432.xmp,-0.423325548909423,3.10074494000678,31559,0,32,-14,15.862,6.086,-6.319,12152,400,3,45.936,49.0367449400068
./IMG_8433.xmp,-0.418544295977014,3.11508869880401,31559,0,32,-14,15.87,6.086,3.48,12192,400,3,45.936,49.051088698804
./IMG_8434.xmp,-0.494007276782729,2.88869975638686,31559,0,32,-14,15.809,6.086,0.433,12232,400,3,45.936,48.8246997563869
./IMG_8435.xmp,-0.599725330871652,2.57154559412009,31559,0,32,-14,15.818,6.086,3.012,12272,400,3,45.936,48.5075455941201
./IMG_8436.xmp,-0.646901223707118,2.4300179156137,31559,0,32,-14,15.823,6.086,0.155,12312,400,3,45.936,48.3660179156137
./IMG_8437.xmp,-0.671392748457409,2.35654334136282,31559,0,32,-14,15.829,6.086,-6.04,12352,400,3,45.936,48.2925433413628
./IMG_8438.xmp,-0.566460243304567,2.67134085682135,31559,0,32,-14,15.871,6.086,-4.057,12392,400,3,45.936,48.6073408568214
./IMG_8439.xmp,-0.469725396868611,2.96154539612922,31559,0,32,-14,15.884,6.086,-4.057,12432,400,3,45.936,48.8975453961292
./IMG_8440.xmp,-0.44541891274484,3.03446484850053,31559,0,32,-14,15.898,6.086,0.061,12473,400,3,45.936,48.9704648485005
./IMG_8441.xmp,-0.441550040245735,3.04607146599784,31559,0,32,-14,15.931,6.086,-8.454,12513,400,3,45.936,48.9820714659978
./IMG_8442.xmp,-0.479891245883075,2.93104784908582,31559,0,32,-14,15.931,6.086,0.061,12553,400,3,45.936,48.8670478490858